W_over_D,e_over_D,t_over_D,W_mm,e_mm,t_mm
2.07233657,1.53467611,0.72137988,41.44673134,30.69352218,14.42759755
2.84893120,2.43013912,0.79021727,56.97862407,48.60278244,15.80434549
2.03486488,2.40456655,0.40664973,40.69729766,48.09133095,8.13299455
2.88173842,1.59517843,0.43816799,57.63476838,31.90356853,8.76335986
2.49584578,2.04469067,0.42638281,49.91691564,40.89381344,8.52765614
2.55483270,1.65406637,0.70209468,51.09665406,33.08132735,14.04189364
2.38824512,2.15791490,0.79675714,47.76490247,43.15829793,15.93514270
2.01207439,2.02883923,0.51770642,40.24148790,40.57678453,10.35412839
